company_name,careers_url
ConductorOne,https://www.conductorone.com/careers/#join
Cart.com,https://wd1.myworkdaysite.com/recruiting/cart/Cart
Teleport,https://jobs.ashbyhq.com/goteleport
livingsecurity,https://www.livingsecurity.com/about-us/careers-and-culture
SuperDispatch,https://superdispatch.breezy.hr/
SlangAI,https://slangai.scalis.ai/jobs/embed?page=1&limit=10
Fathom,https://jobs.ashbyhq.com/fathom.video
Schematic,https://schematichq.com/staff-engineer-full-stack
Growth Signals,https://ats.rippling.com/growth-signals/jobs
Acclaim,https://www.withacclaim.com/company/careers
Daytona,https://www.daytona.io/careers
AntimLabs,https://www.antimlabs.com/apply
Finally,https://finally.com/careers.html
Dreambase,https://dreambase.ai/careers
Testlio,https://testlio.com/work/#jobs-filter
Reflex,https://www.workreflex.com/careers#open-positions
Cloud Campaign,https://www.cloudcampaign.com/careers#open-positions
Handraise,https://www.handraise.com/careers#openroles
LoudCrowd,https://www.builtinaustin.com/company/loudcrowd/jobs
bottle,https://www.bottle.com/company-pages/careers
Flightcontrol,https://www.flightcontrol.dev/careers
Cohley,https://www.cohley.com/our-story#careers
StaffAI,https://staffai.notion.site/Jobs-at-StaffAI-303db7ada55b80b289e8ef41c894b601
ZenBusiness,https://job-boards.greenhouse.io/zenbusiness
FreshBooks,https://www.freshbooks.com/careers#careers
Sequence,https://sequencefilm.notion.site/Sequence-Careers-18c930c7a1de80d5af76f7d91f6c971e
